extId,Country,District,Ward,Village,Hamlet
MOZ,Mozambique,NA,NA,NA,NA
TAN,Tanzania,NA,NA,NA,NA
MOP,Mozambique,Mopeia,NA,NA,NA
KIB,Tanzania,Kibiti,NA,NA,NA
RUF,Tanzania,Rufiji DC,NA,NA,NA
MOD,Mozambique,Mopeia,Mopeia Sede,NA,NA
POS,Mozambique,Mopeia,Posto Campo,NA,NA
SAM,Mozambique,Mopeia,Sambalendo,NA,NA
KIT,Tanzania,Kibiti,Kibiti,NA,NA
BUN,Tanzania,Rufiji DC,Bungu,NA,NA
CHE,Tanzania,Rufiji DC,Chemchem,NA,NA
CHU,Tanzania,Rufiji DC,Chumbi,NA,NA
DIM,Tanzania,Rufiji DC,Dimani,NA,NA
IKW,Tanzania,Rufiji DC,Ikwiriri,NA,NA
KIO,Tanzania,Rufiji DC,Kiongoroni,NA,NA
KIP,Tanzania,Rufiji DC,Kipugira,NA,NA
MAH,Tanzania,Rufiji DC,Mahege,NA,NA
MAP,Tanzania,Rufiji DC,Maparoni,NA,NA
MBU,Tanzania,Rufiji DC,Mbuchi,NA,NA
MBW,Tanzania,Rufiji DC,Mbwara,NA,NA
MCH,Tanzania,Rufiji DC,Mchukwi,NA,NA
MGO,Tanzania,Rufiji DC,Mgomba,NA,NA
MJA,Tanzania,Rufiji DC,Mjawa,NA,NA
MKO,Tanzania,Rufiji DC,Mkongo,NA,NA
MLA,Tanzania,Rufiji DC,Mlanzi,NA,NA
MOH,Tanzania,Rufiji DC,Mohoro,NA,NA
MSA,Tanzania,Rufiji DC,Msala,NA,NA
MTA,Tanzania,Rufiji DC,Mtawanya,NA,NA
MTU,Tanzania,Rufiji DC,Mtunda,NA,NA
MWA,Tanzania,Rufiji DC,Mwambao,NA,NA
MWW,Tanzania,Rufiji DC,Mwaseni,NA,NA
NGA,Tanzania,Rufiji DC,Ngarambe,NA,NA
NGO,Tanzania,Rufiji DC,Ngorongo,NA,NA
RUA,Tanzania,Rufiji DC,Ruaruke,NA,NA
SAL,Tanzania,Rufiji DC,Salale,NA,NA
UMW,Tanzania,Rufiji DC,Umwe,NA,NA
UTE,Tanzania,Rufiji DC,Utete,NA,NA
MO ,Mozambique,Mopeia,Mopeia Sede,Mopeia Sede/Cuacua,NA
ROV,Mozambique,Mopeia,Mopeia Sede,Rovuma/Conho,NA
CAM,Mozambique,Mopeia,Posto Campo,Campo Sede,NA
CAT,Mozambique,Mopeia,Posto Campo,Catale,NA
LUA,Mozambique,Mopeia,Posto Campo,Luala,NA
MUN,Mozambique,Mopeia,Posto Campo,Mungane,NA
CHI,Mozambique,Mopeia,Sambalendo,Chimuara,NA
NZA,Mozambique,Mopeia,Sambalendo,Nzanza,NA
NZE,Mozambique,Mopeia,Sambalendo,Nzero,NA
KII,Tanzania,Kibiti,Kibiti,Kibiti Kati,NA
KI ,Tanzania,Kibiti,Kibiti,Kibiti Kusini,NA
KIN,Tanzania,Kibiti,Kibiti,Kingwira,NA
KIM,Tanzania,Kibiti,Kibiti,Kitembo,NA
MAK,Tanzania,Kibiti,Kibiti,Makaoni,NA
MBE,Tanzania,Kibiti,Kibiti,Mbebetini,NA
MKU,Tanzania,Kibiti,Kibiti,Mkundi,NA
MKA,Tanzania,Kibiti,Kibiti,Mkupuka,NA
NYA,Tanzania,Kibiti,Kibiti,Nyamakingili,NA
NYG,Tanzania,Kibiti,Kibiti,Nyangwego,NA
NYT,Tanzania,Kibiti,Kibiti,Nyatanga,NA
RUN,Tanzania,Kibiti,Kibiti,Runyozi,NA
SOK,Tanzania,Kibiti,Kibiti,Sokoni,NA
ZII,Tanzania,Kibiti,Kibiti,Ziimbwini,NA
"BU""",Tanzania,Rufiji DC,Bungu,"Bungu ""A""",NA
BUG,Tanzania,Rufiji DC,Bungu,Bungu B,NA
MAN,Tanzania,Rufiji DC,Bungu,Mangombela,NA
MSM,Tanzania,Rufiji DC,Bungu,Msafiri,NA
NYY,Tanzania,Rufiji DC,Bungu,Nyambili,NA
NYD,Tanzania,Rufiji DC,Bungu,Nyambunda,NA
PAG,Tanzania,Rufiji DC,Bungu,Pagae,NA
GOL,Tanzania,Rufiji DC,Chemchem,Golani,NA
KID,Tanzania,Rufiji DC,Chemchem,Kindwiti,NA
KIE,Tanzania,Rufiji DC,Chemchem,Kipei,NA
NYU,Tanzania,Rufiji DC,Chemchem,Nyandakatundu,NA
NYN,Tanzania,Rufiji DC,Chemchem,Nyandumbi,NA
NYI,Tanzania,Rufiji DC,Chemchem,Nyangwai,NA
NYE,Tanzania,Rufiji DC,Chemchem,Nyawanje/ngwembele,NA
CHA,Tanzania,Rufiji DC,Chumbi,"Chumbi ""A""",NA
CHH,Tanzania,Rufiji DC,Chumbi,"Chumbi ""B""",NA
"CH""",Tanzania,Rufiji DC,Chumbi,"Chumbi ""C""",NA
BON,Tanzania,Rufiji DC,Dimani,Bondeni,NA
DII,Tanzania,Rufiji DC,Dimani,Dimani,NA
DID,Tanzania,Rufiji DC,Dimani,Dimani A,NA
DIN,Tanzania,Rufiji DC,Dimani,Dimani B,NA
KIL,Tanzania,Rufiji DC,Dimani,Kilimbili,NA
KIG,Tanzania,Rufiji DC,Dimani,Kimbuga,NA
NGM,Tanzania,Rufiji DC,Dimani,Ng'ambo,NA
NGU,Tanzania,Rufiji DC,Dimani,Ngulakula,NA
NYM,Tanzania,Rufiji DC,Dimani,Nyambangala,NA
PEN,Tanzania,Rufiji DC,Dimani,Penda,NA
IKI,Tanzania,Rufiji DC,Ikwiriri,Ikwiriri Kaskazini,NA
IK ,Tanzania,Rufiji DC,Ikwiriri,Ikwiriri Kati,NA
IKS,Tanzania,Rufiji DC,Ikwiriri,Ikwiriri Kusini,NA
JAJ,Tanzania,Rufiji DC,Kiongoroni,Jaja,NA
KIR,Tanzania,Rufiji DC,Kiongoroni,Kiongoroni,NA
POM,Tanzania,Rufiji DC,Kiongoroni,Pombwe,NA
RUM,Tanzania,Rufiji DC,Kiongoroni,Ruma,NA
KIK,Tanzania,Rufiji DC,Kipugira,Kipo,NA
KIA,Tanzania,Rufiji DC,Kipugira,Kipugira,NA
NDU,Tanzania,Rufiji DC,Kipugira,Ndundunyikanza,NA
NYL,Tanzania,Rufiji DC,Kipugira,Nyaminywili,NA
HAN,Tanzania,Rufiji DC,Mahege,Hanga,NA
MAG,Tanzania,Rufiji DC,Mahege,Mahege,NA
NYO,Tanzania,Rufiji DC,Mahege,Nyakinyo,NA
NYJ,Tanzania,Rufiji DC,Mahege,Nyanjati,NA
TOM,Tanzania,Rufiji DC,Mahege,Tomoni,NA
KIC,Tanzania,Rufiji DC,Maparoni,Kiechuru,NA
MAA,Tanzania,Rufiji DC,Maparoni,Maparoni,NA
MBC,Tanzania,Rufiji DC,Mbuchi,Mbuchi,NA
MBB,Tanzania,Rufiji DC,Mbuchi,Mbwera Magharibi,NA
MBA,Tanzania,Rufiji DC,Mbuchi,Mbwera Mashariki,NA
BST,Tanzania,Rufiji DC,Mbwara,Kitapi,NA
MBR,Tanzania,Rufiji DC,Mbwara,Mbwara,NA
NAM,Tanzania,Rufiji DC,Mbwara,Nambunju,NA
NYW,Tanzania,Rufiji DC,Mbwara,Nyamwage,NA
TAW,Tanzania,Rufiji DC,Mbwara,Tawi,NA
MAI,Tanzania,Rufiji DC,Mchukwi,Mangwi,NA
MCM,Tanzania,Rufiji DC,Mchukwi,Mchukwi A,NA
MCI,Tanzania,Rufiji DC,Mchukwi,Mchukwi B,NA
MKK,Tanzania,Rufiji DC,Mchukwi,Mkupuka,NA
MGM,Tanzania,Rufiji DC,Mgomba,Mgomba Kaskazini,NA
MG ,Tanzania,Rufiji DC,Mgomba,Mgomba Kati,NA
MGI,Tanzania,Rufiji DC,Mgomba,Mgomba Kusini,NA
JAR,Tanzania,Rufiji DC,Mjawa,Jaribu Magharibi,NA
JAI,Tanzania,Rufiji DC,Mjawa,Jaribu Mpakani,NA
MJJ,Tanzania,Rufiji DC,Mjawa,Mjawa,NA
MOT,Tanzania,Rufiji DC,Mjawa,Motomoto,NA
NGN,Tanzania,Rufiji DC,Mjawa,Ngalengwa,NA
UCH,Tanzania,Rufiji DC,Mjawa,Uchembe,NA
UPO,Tanzania,Rufiji DC,Mjawa,Uponda,NA
MBI,Tanzania,Rufiji DC,Mkongo,Mbunju Mvuleni,NA
MK ,Tanzania,Rufiji DC,Mkongo,Mkongo Kaskazini,NA
MKN,Tanzania,Rufiji DC,Mkongo,Mkongo Kusini,NA
RUW,Tanzania,Rufiji DC,Mkongo,Ruwe,NA
MAC,Tanzania,Rufiji DC,Mlanzi,Machipi,NA
MLL,Tanzania,Rufiji DC,Mlanzi,Mlanzi,NA
NGG,Tanzania,Rufiji DC,Mlanzi,Ngondai,NA
NYB,Tanzania,Rufiji DC,Mlanzi,Nyamwimbe,NA
QAW,Tanzania,Rufiji DC,Mohoro,King'ong'o,NA
KIW,Tanzania,Rufiji DC,Mohoro,Kiwanga,NA
MOM,Tanzania,Rufiji DC,Mohoro,Mohoro Magharibi,NA
MOS,Tanzania,Rufiji DC,Mohoro,Mohoro Mashariki,NA
NDN,Tanzania,Rufiji DC,Mohoro,Ndundutawa,NA
SHE,Tanzania,Rufiji DC,Mohoro,Shela,NA
KIS,Tanzania,Rufiji DC,Msala,Kiasi,NA
MSS,Tanzania,Rufiji DC,Msala,Msala,NA
TWA,Tanzania,Rufiji DC,Msala,Twasalie,NA
BUM,Tanzania,Rufiji DC,Mtawanya,Bumba,NA
KIY,Tanzania,Rufiji DC,Mtawanya,Kinyanya Kati,NA
MAT,Tanzania,Rufiji DC,Mtawanya,Magogo matatu,NA
MAM,Tanzania,Rufiji DC,Mtawanya,Matumbi,NA
MIK,Tanzania,Rufiji DC,Mtawanya,Mikendo,NA
MSO,Tanzania,Rufiji DC,Mtawanya,Msoro,NA
NDE,Tanzania,Rufiji DC,Mtawanya,Ndechamula,NA
SFU,Tanzania,Rufiji DC,Mtawanya,Nyamlani,NA
ROJ,Tanzania,Rufiji DC,Mtawanya,Roja,NA
UGE,Tanzania,Rufiji DC,Mtawanya,Ugezi,NA
UMI,Tanzania,Rufiji DC,Mtawanya,Umikendo,NA
UMK,Tanzania,Rufiji DC,Mtawanya,Umkunama,NA
UPA,Tanzania,Rufiji DC,Mtawanya,Upazi,NA
ZOM,Tanzania,Rufiji DC,Mtawanya,Zomboko,NA
WTZ,Tanzania,Rufiji DC,Mtunda,Kikale,NA
MT ,Tanzania,Rufiji DC,Mtunda,Mtunda A,NA
MTM,Tanzania,Rufiji DC,Mtunda,Mtunda B,NA
MUY,Tanzania,Rufiji DC,Mtunda,Muyuyu,NA
KIU,Tanzania,Rufiji DC,Mwambao,Kigunguli,NA
KIV,Tanzania,Rufiji DC,Mwambao,"Kivinja ""A""",NA
KIJ,Tanzania,Rufiji DC,Mwambao,"Kivinja ""B""",NA
MCN,Tanzania,Rufiji DC,Mwambao,Mchungu,NA
MKE,Tanzania,Rufiji DC,Mwambao,Mkenda,NA
MSI,Tanzania,Rufiji DC,Mwambao,Msindaji,NA
MLO,Tanzania,Rufiji DC,Mwaseni,Mloka,NA
MTS,Tanzania,Rufiji DC,Mwaseni,Mtanza /Msona,NA
MWM,Tanzania,Rufiji DC,Mwaseni,Mwaseni,NA
KUN,Tanzania,Rufiji DC,Ngarambe,Kungulwe,NA
NAK,Tanzania,Rufiji DC,Ngarambe,Namakono,NA
NGI,Tanzania,Rufiji DC,Ngarambe,Ngarambe Mashariki,NA
NGE,Tanzania,Rufiji DC,Ngarambe,NgarambeMagharibi,NA
TAP,Tanzania,Rufiji DC,Ngarambe,Tapika,NA
KIH,Tanzania,Rufiji DC,Ngorongo,Kilimani Magharibi,NA
PXT,Tanzania,Rufiji DC,Ngorongo,Kilimani Mashariki,NA
NG ,Tanzania,Rufiji DC,Ngorongo,Ngorongo Magharibi,NA
NGH,Tanzania,Rufiji DC,Ngorongo,Ngorongo Mashariki,NA
CAZ,Tanzania,Rufiji DC,Ruaruke,Kilulatambwe,NA
RFI,Tanzania,Rufiji DC,Ruaruke,Nyamatanga,NA
RUR,Tanzania,Rufiji DC,Ruaruke,Ruaruke,NA
RUU,Tanzania,Rufiji DC,Ruaruke,Ruaruke B,NA
RUG,Tanzania,Rufiji DC,Ruaruke,Rungungu,NA
LON,Tanzania,Rufiji DC,Salale,Kiomboni,NA
MCC,Tanzania,Rufiji DC,Salale,Mchinga,NA
MFI,Tanzania,Rufiji DC,Salale,Mfisini,NA
NYS,Tanzania,Rufiji DC,Salale,Nyamisati,NA
UMA,Tanzania,Rufiji DC,Umwe,Umwe Kaskazini,NA
UMU,Tanzania,Rufiji DC,Umwe,Umwe Kati,NA
UMS,Tanzania,Rufiji DC,Umwe,Umwe Kusini,NA
FBL,Tanzania,Rufiji DC,Utete,Kitundu,NA
RGH,Tanzania,Rufiji DC,Utete,Kiwili,NA
SIA,Tanzania,Rufiji DC,Utete,Siasa,NA
24 ,Mozambique,Mopeia,Mopeia Sede,Mopeia Sede/Cuacua,24 de Julho
25 ,Mozambique,Mopeia,Mopeia Sede,Mopeia Sede/Cuacua,25 de Junho
4 D,Mozambique,Mopeia,Mopeia Sede,Mopeia Sede/Cuacua,4 de Outubro
7 D,Mozambique,Mopeia,Mopeia Sede,Mopeia Sede/Cuacua,7 de Abril
8 D,Mozambique,Mopeia,Mopeia Sede,Mopeia Sede/Cuacua,8 de Marco
ALF,Mozambique,Mopeia,Mopeia Sede,Mopeia Sede/Cuacua,Alfredo
AMB,Mozambique,Mopeia,Mopeia Sede,Mopeia Sede/Cuacua,Ambrosio
ARM,Mozambique,Mopeia,Mopeia Sede,Mopeia Sede/Cuacua,Armando Emilio Guebuza
BAT,Mozambique,Mopeia,Mopeia Sede,Mopeia Sede/Cuacua,Batelao
BEN,Mozambique,Mopeia,Mopeia Sede,Mopeia Sede/Cuacua,Benejoaque
CAP,Mozambique,Mopeia,Mopeia Sede,Mopeia Sede/Cuacua,Capece
CHO,Mozambique,Mopeia,Mopeia Sede,Mopeia Sede/Cuacua,Chicote
CHC,Mozambique,Mopeia,Mopeia Sede,Mopeia Sede/Cuacua,Chimpene
CHT,Mozambique,Mopeia,Mopeia Sede,Mopeia Sede/Cuacua,Chitequeteque
CHR,Mozambique,Mopeia,Mopeia Sede,Mopeia Sede/Cuacua,Chiverano
CHB,Mozambique,Mopeia,Mopeia Sede,Mopeia Sede/Cuacua,Chizimba
CHG,Mozambique,Mopeia,Mopeia Sede,Mopeia Sede/Cuacua,Chunga
CIM,Mozambique,Mopeia,Mopeia Sede,Mopeia Sede/Cuacua,Cimento
COC,Mozambique,Mopeia,Mopeia Sede,Mopeia Sede/Cuacua,Cocorico
CUN,Mozambique,Mopeia,Mopeia Sede,Mopeia Sede/Cuacua,Cunhanhassa
DAN,Mozambique,Mopeia,Mopeia Sede,Mopeia Sede/Cuacua,Dande
DAA,Mozambique,Mopeia,Mopeia Sede,Mopeia Sede/Cuacua,Danhau
DOM,Mozambique,Mopeia,Mopeia Sede,Mopeia Sede/Cuacua,Dombe/Balame
EDU,Mozambique,Mopeia,Mopeia Sede,Mopeia Sede/Cuacua,Eduardo Mondlane
FOR,Mozambique,Mopeia,Mopeia Sede,Mopeia Sede/Cuacua,Forca da Mudanca
GAL,Mozambique,Mopeia,Mopeia Sede,Mopeia Sede/Cuacua,Gale
GON,Mozambique,Mopeia,Mopeia Sede,Mopeia Sede/Cuacua,Gonda
JOS,Mozambique,Mopeia,Mopeia Sede,Mopeia Sede/Cuacua,Josina Machel
LIB,Mozambique,Mopeia,Mopeia Sede,Mopeia Sede/Cuacua,Liberdade A
LI ,Mozambique,Mopeia,Mopeia Sede,Mopeia Sede/Cuacua,Liberdade B
LUT,Mozambique,Mopeia,Mopeia Sede,Mopeia Sede/Cuacua,Luta Continua
MAB,Mozambique,Mopeia,Mopeia Sede,Mopeia Sede/Cuacua,Magamba
MAL,Mozambique,Mopeia,Mopeia Sede,Mopeia Sede/Cuacua,Malulo
WGQ,Mozambique,Mopeia,Mopeia Sede,Mopeia Sede/Cuacua,Mangala
MAZ,Mozambique,Mopeia,Mopeia Sede,Mopeia Sede/Cuacua,Mazembe
MIF,Mozambique,Mopeia,Mopeia Sede,Mopeia Sede/Cuacua,Mifarinha
MIG,Mozambique,Mopeia,Mopeia Sede,Mopeia Sede/Cuacua,Migoa
MOC,Mozambique,Mopeia,Mopeia Sede,Mopeia Sede/Cuacua,Mocha
MUG,Mozambique,Mopeia,Mopeia Sede,Mopeia Sede/Cuacua,Mugurrumba Sede
MUL,Mozambique,Mopeia,Mopeia Sede,Mopeia Sede/Cuacua,Mulaira
MUR,Mozambique,Mopeia,Mopeia Sede,Mopeia Sede/Cuacua,Muriwa
MUT,Mozambique,Mopeia,Mopeia Sede,Mopeia Sede/Cuacua,Muto
NDI,Mozambique,Mopeia,Mopeia Sede,Mopeia Sede/Cuacua,Ndima Mangaze
NHA,Mozambique,Mopeia,Mopeia Sede,Mopeia Sede/Cuacua,Nhalumbanda
NHH,Mozambique,Mopeia,Mopeia Sede,Mopeia Sede/Cuacua,Nhamissundo
NHN,Mozambique,Mopeia,Mopeia Sede,Mopeia Sede/Cuacua,Nhanga
NOR,Mozambique,Mopeia,Mopeia Sede,Mopeia Sede/Cuacua,Norte
NOT,Mozambique,Mopeia,Mopeia Sede,Mopeia Sede/Cuacua,Nota
NSA,Mozambique,Mopeia,Mopeia Sede,Mopeia Sede/Cuacua,Nsadgi
NSS,Mozambique,Mopeia,Mopeia Sede,Mopeia Sede/Cuacua,Nsando
NTA,Mozambique,Mopeia,Mopeia Sede,Mopeia Sede/Cuacua,Ntada
POP,Mozambique,Mopeia,Mopeia Sede,Mopeia Sede/Cuacua,Posso
SAB,Mozambique,Mopeia,Mopeia Sede,Mopeia Sede/Cuacua,Sabesse
SAA,Mozambique,Mopeia,Mopeia Sede,Mopeia Sede/Cuacua,Samurendje
SER,Mozambique,Mopeia,Mopeia Sede,Mopeia Sede/Cuacua,Serracao
TAM,Mozambique,Mopeia,Mopeia Sede,Mopeia Sede/Cuacua,Tambalico
TES,Mozambique,Mopeia,Mopeia Sede,Mopeia Sede/Cuacua,Tesoura
TEW,Mozambique,Mopeia,Mopeia Sede,Mopeia Sede/Cuacua,Tewe
TIQ,Mozambique,Mopeia,Mopeia Sede,Mopeia Sede/Cuacua,Tiquita
VEM,Mozambique,Mopeia,Mopeia Sede,Mopeia Sede/Cuacua,Vembe
VUM,Mozambique,Mopeia,Mopeia Sede,Mopeia Sede/Cuacua,Vumbe
XAM,Mozambique,Mopeia,Mopeia Sede,Mopeia Sede/Cuacua,Xamanga/Bone
ZON,Mozambique,Mopeia,Mopeia Sede,Mopeia Sede/Cuacua,Zona Verde
ALE,Mozambique,Mopeia,Mopeia Sede,Rovuma/Conho,Alfredo
CUM,Mozambique,Mopeia,Mopeia Sede,Rovuma/Conho,Cumbalenga
LOT,Mozambique,Mopeia,Mopeia Sede,Rovuma/Conho,Lota
MAJ,Mozambique,Mopeia,Mopeia Sede,Rovuma/Conho,Majambe
NHG,Mozambique,Mopeia,Mopeia Sede,Rovuma/Conho,Nhango
NSO,Mozambique,Mopeia,Mopeia Sede,Rovuma/Conho,Nsanzo
NTR,Mozambique,Mopeia,Mopeia Sede,Rovuma/Conho,Ntruzao
1 D,Mozambique,Mopeia,Posto Campo,Campo Sede,1 de Maio
25H,Mozambique,Mopeia,Posto Campo,Campo Sede,25 de Junho
25E,Mozambique,Mopeia,Posto Campo,Campo Sede,25 de Setembro
3 D,Mozambique,Mopeia,Posto Campo,Campo Sede,3 de Fevereiro
4 B,Mozambique,Mopeia,Posto Campo,Campo Sede,4 de Outubro
ACO,Mozambique,Mopeia,Posto Campo,Campo Sede,Acordos de Lusaka
ARN,Mozambique,Mopeia,Posto Campo,Campo Sede,Armando Emilio Guebuza
ASS,Mozambique,Mopeia,Posto Campo,Campo Sede,Assiate
BAJ,Mozambique,Mopeia,Posto Campo,Campo Sede,Bajone
BAR,Mozambique,Mopeia,Posto Campo,Campo Sede,Bariela
CAI,Mozambique,Mopeia,Posto Campo,Campo Sede,Caixote
CUD,Mozambique,Mopeia,Posto Campo,Campo Sede,Cundine
ED ,Mozambique,Mopeia,Posto Campo,Campo Sede,Eduardo Mondlane
JOR,Mozambique,Mopeia,Posto Campo,Campo Sede,Jorissa
JOI,Mozambique,Mopeia,Posto Campo,Campo Sede,Josina Machel
PEC,Mozambique,Mopeia,Posto Campo,Campo Sede,Maina
MIL,Mozambique,Mopeia,Posto Campo,Campo Sede,Milange
NAA,Mozambique,Mopeia,Posto Campo,Campo Sede,Namitala
NTX,Mozambique,Mopeia,Posto Campo,Campo Sede,Ntxenga
SAC,Mozambique,Mopeia,Posto Campo,Campo Sede,Sacuane
SAS,Mozambique,Mopeia,Posto Campo,Campo Sede,Samaral
SOL,Mozambique,Mopeia,Posto Campo,Campo Sede,Sololo
AND,Mozambique,Mopeia,Posto Campo,Catale,Andale
ANT,Mozambique,Mopeia,Posto Campo,Catale,Antonio
CHN,Mozambique,Mopeia,Posto Campo,Catale,Changaue
LIC,Mozambique,Mopeia,Posto Campo,Catale,Licasse
RIC,Mozambique,Mopeia,Posto Campo,Catale,Manhai
MBL,Mozambique,Mopeia,Posto Campo,Catale,Mbawala
MOR,Mozambique,Mopeia,Posto Campo,Catale,Morais
MUA,Mozambique,Mopeia,Posto Campo,Catale,Muacaniua
MUE,Mozambique,Mopeia,Posto Campo,Catale,Murrongone
NAI,Mozambique,Mopeia,Posto Campo,Catale,Namaria
NHO,Mozambique,Mopeia,Posto Campo,Catale,Nhagoanine
PAN,Mozambique,Mopeia,Posto Campo,Catale,Panela
RAP,Mozambique,Mopeia,Posto Campo,Catale,Raposo
WAL,Mozambique,Mopeia,Posto Campo,Catale,Waluto
1  ,Mozambique,Mopeia,Posto Campo,Luala,1 de Junho
1 1,Mozambique,Mopeia,Posto Campo,Luala,1 de Maio
25N,Mozambique,Mopeia,Posto Campo,Luala,25 de Junho
3 E,Mozambique,Mopeia,Posto Campo,Luala,3 de Fevereiro
7 L,Mozambique,Mopeia,Posto Campo,Luala,7 de Abril
ACA,Mozambique,Mopeia,Posto Campo,Luala,Acordos de Lusaka
CAD,Mozambique,Mopeia,Posto Campo,Luala,Cadongo
CAL,Mozambique,Mopeia,Posto Campo,Luala,Caline
CET,Mozambique,Mopeia,Posto Campo,Luala,Ceta
DBV,Mozambique,Mopeia,Posto Campo,Luala,Chiurine
LIE,Mozambique,Mopeia,Posto Campo,Luala,Liberdade
LIM,Mozambique,Mopeia,Posto Campo,Luala,Lima
MAU,Mozambique,Mopeia,Posto Campo,Luala,Mauia
MIC,Mozambique,Mopeia,Posto Campo,Luala,Micombezi
MIR,Mozambique,Mopeia,Posto Campo,Luala,Mirrongone
MPI,Mozambique,Mopeia,Posto Campo,Luala,Mpiaeca
MUD,Mozambique,Mopeia,Posto Campo,Luala,Mudiba
NAS,Mozambique,Mopeia,Posto Campo,Luala,Nasarone
NHI,Mozambique,Mopeia,Posto Campo,Luala,Nhamirimba
PAZ,Mozambique,Mopeia,Posto Campo,Luala,Paz
RIM,Mozambique,Mopeia,Posto Campo,Luala,Rimba
SIM,Mozambique,Mopeia,Posto Campo,Luala,Simogo
SIT,Mozambique,Mopeia,Posto Campo,Luala,Sitone
COM,Mozambique,Mopeia,Posto Campo,Mungane,Compone
GUI,Mozambique,Mopeia,Posto Campo,Mungane,Guia
LUL,Mozambique,Mopeia,Posto Campo,Mungane,Luala
MIA,Mozambique,Mopeia,Posto Campo,Mungane,Micajune
MIP,Mozambique,Mopeia,Posto Campo,Mungane,Mipurene
MIE,Mozambique,Mopeia,Posto Campo,Mungane,Mirerene
MUM,Mozambique,Mopeia,Posto Campo,Mungane,Muanamaino
NAL,Mozambique,Mopeia,Posto Campo,Mungane,Namicole
PAM,Mozambique,Mopeia,Posto Campo,Mungane,Pambane
VAR,Mozambique,Mopeia,Posto Campo,Mungane,Vareia
ZEN,Mozambique,Mopeia,Posto Campo,Mungane,Zengue
1 A,Mozambique,Mopeia,Sambalendo,Chimuara,1 de Maio
25B,Mozambique,Mopeia,Sambalendo,Chimuara,25 de Setembro
3 3,Mozambique,Mopeia,Sambalendo,Chimuara,3 de Fevereiro
7  ,Mozambique,Mopeia,Sambalendo,Chimuara,7 de Setembro
ACK,Mozambique,Mopeia,Sambalendo,Chimuara,Acordos de Lusaka
ARE,Mozambique,Mopeia,Sambalendo,Chimuara,Armando Emilio Guebuza
BRA,Mozambique,Mopeia,Sambalendo,Chimuara,Braz
CHM,Mozambique,Mopeia,Sambalendo,Chimuara,Chimuara Sede
CHZ,Mozambique,Mopeia,Sambalendo,Chimuara,Chizimba
COY,Mozambique,Mopeia,Sambalendo,Chimuara,Coyowe
EDO,Mozambique,Mopeia,Sambalendo,Chimuara,Eduardo Mondlane
FAR,Mozambique,Mopeia,Sambalendo,Chimuara,Fardo
JOM,Mozambique,Mopeia,Sambalendo,Chimuara,Josina Machel
JUL,Mozambique,Mopeia,Sambalendo,Chimuara,Julius Nyerere
LID,Mozambique,Mopeia,Sambalendo,Chimuara,Liberdade
MAO,Mozambique,Mopeia,Sambalendo,Chimuara,Magaio
MAV,Mozambique,Mopeia,Sambalendo,Chimuara,Mambucha
MAW,Mozambique,Mopeia,Sambalendo,Chimuara,Mandawa
MEF,Mozambique,Mopeia,Sambalendo,Chimuara,Mefula
MIN,Mozambique,Mopeia,Sambalendo,Chimuara,Minjale
NHC,Mozambique,Mopeia,Sambalendo,Chimuara,Nhacatundo
NHZ,Mozambique,Mopeia,Sambalendo,Chimuara,Nhamizinga
NOE,Mozambique,Mopeia,Sambalendo,Chimuara,Noere
QUE,Mozambique,Mopeia,Sambalendo,Chimuara,Quembo
SAN,Mozambique,Mopeia,Sambalendo,Chimuara,Sambalendo
SA ,Mozambique,Mopeia,Sambalendo,Chimuara,Samora Machel
SAT,Mozambique,Mopeia,Sambalendo,Chimuara,Sangate
SAU,Mozambique,Mopeia,Sambalendo,Chimuara,Sassune
SOA,Mozambique,Mopeia,Sambalendo,Chimuara,Soares
SOM,Mozambique,Mopeia,Sambalendo,Chimuara,Somopo
TAI,Mozambique,Mopeia,Sambalendo,Chimuara,Taibo
VAL,Mozambique,Mopeia,Sambalendo,Chimuara,Valeta
JAN,Mozambique,Mopeia,Sambalendo,Nzanza,Janeiro
NHE,Mozambique,Mopeia,Sambalendo,Nzanza,Nhamirere
AHJ,Mozambique,Mopeia,Sambalendo,Nzanza,Nhanga
NZN,Mozambique,Mopeia,Sambalendo,Nzanza,Nzanza Sede
25T,Mozambique,Mopeia,Sambalendo,Nzero,25 de Setembro
AGO,Mozambique,Mopeia,Sambalendo,Nzero,Agostinho Neto
FKV,Mozambique,Mopeia,Sambalendo,Nzero,Chitucotuco
CIE,Mozambique,Mopeia,Sambalendo,Nzero,Cimento
EDA,Mozambique,Mopeia,Sambalendo,Nzero,Eduardo Mondlane
GUL,Mozambique,Mopeia,Sambalendo,Nzero,Gulamo
LIL,Mozambique,Mopeia,Sambalendo,Nzero,Liberdade
NAO,Mozambique,Mopeia,Sambalendo,Nzero,Namigonhane
NAV,Mozambique,Mopeia,Sambalendo,Nzero,Navena
NCO,Mozambique,Mopeia,Sambalendo,Nzero,Ncomati
NHU,Mozambique,Mopeia,Sambalendo,Nzero,Nhamingulo
NHP,Mozambique,Mopeia,Sambalendo,Nzero,Nhamipama
NSU,Mozambique,Mopeia,Sambalendo,Nzero,Nsussa
SAE,Mozambique,Mopeia,Sambalendo,Nzero,Sambane
EFL,Tanzania,Kibiti,Kibiti,Kibiti Kati,Kibiti Kati
PIA,Tanzania,Kibiti,Kibiti,Kibiti Kusini,Kibiti Kusini
XMG,Tanzania,Kibiti,Kibiti,Kingwira,Kingwira
SIE,Tanzania,Kibiti,Kibiti,Kitembo,Kitembo
QNG,Tanzania,Kibiti,Kibiti,Makaoni,Makaoni
MBT,Tanzania,Kibiti,Kibiti,Mbebetini,Mbebetini
MKM,Tanzania,Kibiti,Kibiti,Mkundi,Mkundi
MKP,Tanzania,Kibiti,Kibiti,Mkupuka,Mkupuka
NYK,Tanzania,Kibiti,Kibiti,Nyamakingili,Nyamakingili
WEZ,Tanzania,Kibiti,Kibiti,Nyangwego,Nyangwego
AJX,Tanzania,Kibiti,Kibiti,Nyatanga,Nyatanga
RUY,Tanzania,Kibiti,Kibiti,Runyozi,Runyozi
SOO,Tanzania,Kibiti,Kibiti,Sokoni,Sokoni
ZIM,Tanzania,Kibiti,Kibiti,Ziimbwini,Ziimbwini
MKI,Tanzania,Rufiji DC,Bungu,"Bungu ""A""",Mkundi
MWE,Tanzania,Rufiji DC,Bungu,"Bungu ""A""",Mwenge
MWO,Tanzania,Rufiji DC,Bungu,"Bungu ""A""",Mwongozo
JIO,Tanzania,Rufiji DC,Bungu,"Bungu ""A""",Nyamango
QTB,Tanzania,Rufiji DC,Bungu,Bungu B,Kibaoni
TGD,Tanzania,Rufiji DC,Bungu,Bungu B,Kibwibwi
AMK,Tanzania,Rufiji DC,Bungu,Bungu B,Kinyamale
KED,Tanzania,Rufiji DC,Bungu,Bungu B,Kipenya
BWN,Tanzania,Rufiji DC,Bungu,Bungu B,Kitula
AZI,Tanzania,Rufiji DC,Bungu,Mangombela,Azimio
LZI,Tanzania,Rufiji DC,Bungu,Mangombela,Nyamango
BU ,Tanzania,Rufiji DC,Bungu,Msafiri,Bungu 'B'
MSF,Tanzania,Rufiji DC,Bungu,Msafiri,Msafiri
NGL,Tanzania,Rufiji DC,Bungu,Msafiri,Ngongoloka
WBK,Tanzania,Rufiji DC,Bungu,Msafiri,Nyakilo
ZUM,Tanzania,Rufiji DC,Bungu,Msafiri,Zumbe
DUN,Tanzania,Rufiji DC,Bungu,Nyambili,Dungutu
NYZ,Tanzania,Rufiji DC,Bungu,Nyambili,Nyambili Kaskazini
NY ,Tanzania,Rufiji DC,Bungu,Nyambili,Nyambili Kusini
BES,Tanzania,Rufiji DC,Bungu,Nyambunda,Besabu
MKW,Tanzania,Rufiji DC,Bungu,Nyambunda,Mkwandara
NAN,Tanzania,Rufiji DC,Bungu,Nyambunda,Nangundu
LUG,Tanzania,Rufiji DC,Bungu,Pagae,Lugome
MKL,Tanzania,Rufiji DC,Bungu,Pagae,Mkale
WGI,Tanzania,Rufiji DC,Bungu,Pagae,Nyameku
UND,Tanzania,Rufiji DC,Bungu,Pagae,Undembo
GOA,Tanzania,Rufiji DC,Chemchem,Golani,Golani
KEF,Tanzania,Rufiji DC,Chemchem,Kindwiti,Kindwiti
MTN,Tanzania,Rufiji DC,Chemchem,Kipei,Kipei
MJH,Tanzania,Rufiji DC,Chemchem,Nyandakatundu,Nyandakatundu
ILN,Tanzania,Rufiji DC,Chemchem,Nyandumbi,Nyandumbi
RZQ,Tanzania,Rufiji DC,Chemchem,Nyangwai,Nyangwai
NY/,Tanzania,Rufiji DC,Chemchem,Nyawanje/ngwembele,Nyawanje/ngwembele
IPE,Tanzania,Rufiji DC,Chumbi,"Chumbi ""A""",Ipengo
OKQ,Tanzania,Rufiji DC,Chumbi,"Chumbi ""A""",Kiegele
NGC,Tanzania,Rufiji DC,Chumbi,"Chumbi ""A""",Kigogo
TAT,Tanzania,Rufiji DC,Chumbi,"Chumbi ""A""",Tangini
QBW,Tanzania,Rufiji DC,Chumbi,"Chumbi ""B""",Kilindi
LEI,Tanzania,Rufiji DC,Chumbi,"Chumbi ""B""",Kipoka
WCZ,Tanzania,Rufiji DC,Chumbi,"Chumbi ""B""",Kipoka msomeni
MIO,Tanzania,Rufiji DC,Chumbi,"Chumbi ""B""",Mikorwa
MST,Tanzania,Rufiji DC,Chumbi,"Chumbi ""B""",Msikitini
SDA,Tanzania,Rufiji DC,Chumbi,"Chumbi ""C""",Chumbi Magharibi
KAN,Tanzania,Rufiji DC,Chumbi,"Chumbi ""C""",Kanga
NGR,Tanzania,Rufiji DC,Chumbi,"Chumbi ""C""",Ngaro
NYP,Tanzania,Rufiji DC,Chumbi,"Chumbi ""C""",Nyakipande
BOO,Tanzania,Rufiji DC,Dimani,Bondeni,Bondeni
DIA,Tanzania,Rufiji DC,Dimani,Dimani,Dimani
DI ,Tanzania,Rufiji DC,Dimani,Dimani A,Dimani A
DIB,Tanzania,Rufiji DC,Dimani,Dimani B,Dimani B
KVH,Tanzania,Rufiji DC,Dimani,Kilimbili,Kilimbili
OIK,Tanzania,Rufiji DC,Dimani,Kimbuga,Kimbuga
NGB,Tanzania,Rufiji DC,Dimani,Ng'ambo,Ng'ambo
NGK,Tanzania,Rufiji DC,Dimani,Ngulakula,Ngulakula
HPY,Tanzania,Rufiji DC,Dimani,Nyambangala,Nyambangala
PEP,Tanzania,Rufiji DC,Dimani,Penda,Penda
KAU,Tanzania,Rufiji DC,Ikwiriri,Ikwiriri Kaskazini,Kaunda
KAZ,Tanzania,Rufiji DC,Ikwiriri,Ikwiriri Kaskazini,Kazamoyo
MPA,Tanzania,Rufiji DC,Ikwiriri,Ikwiriri Kaskazini,Mparange
MTT,Tanzania,Rufiji DC,Ikwiriri,Ikwiriri Kaskazini,Mtakuja
MWG,Tanzania,Rufiji DC,Ikwiriri,Ikwiriri Kaskazini,Mwenge
UJA,Tanzania,Rufiji DC,Ikwiriri,Ikwiriri Kaskazini,Ujamaa
MSK,Tanzania,Rufiji DC,Ikwiriri,Ikwiriri Kati,Msikitini
MWN,Tanzania,Rufiji DC,Ikwiriri,Ikwiriri Kati,Mwenge
SID,Tanzania,Rufiji DC,Ikwiriri,Ikwiriri Kati,SIDO
SIS,Tanzania,Rufiji DC,Ikwiriri,Ikwiriri Kati,Sisi kwa Sisi
TAJ,Tanzania,Rufiji DC,Ikwiriri,Ikwiriri Kati,Tangimoja
UJI,Tanzania,Rufiji DC,Ikwiriri,Ikwiriri Kati,Ujirani Mwema
UMO,Tanzania,Rufiji DC,Ikwiriri,Ikwiriri Kati,Umoja
UPE,Tanzania,Rufiji DC,Ikwiriri,Ikwiriri Kati,Upendo
KAR,Tanzania,Rufiji DC,Ikwiriri,Ikwiriri Kusini,Karume
KAW,Tanzania,Rufiji DC,Ikwiriri,Ikwiriri Kusini,Kawawa
MAE,Tanzania,Rufiji DC,Ikwiriri,Ikwiriri Kusini,Malemba
MPM,Tanzania,Rufiji DC,Ikwiriri,Ikwiriri Kusini,Mpima
MUU,Tanzania,Rufiji DC,Ikwiriri,Ikwiriri Kusini,Muungano
NYR,Tanzania,Rufiji DC,Ikwiriri,Ikwiriri Kusini,Nyerere
P/K,Tanzania,Rufiji DC,Ikwiriri,Ikwiriri Kusini,P/Kisumo
POO,Tanzania,Rufiji DC,Ikwiriri,Ikwiriri Kusini,Posta
TAB,Tanzania,Rufiji DC,Ikwiriri,Ikwiriri Kusini,Tangimbili Kusini
UHU,Tanzania,Rufiji DC,Ikwiriri,Ikwiriri Kusini,Uhuru
UJM,Tanzania,Rufiji DC,Ikwiriri,Ikwiriri Kusini,Ujamaa
BUB,Tanzania,Rufiji DC,Kiongoroni,Jaja,Bumbuamani
ESZ,Tanzania,Rufiji DC,Kiongoroni,Jaja,Kitongani
MJI,Tanzania,Rufiji DC,Kiongoroni,Jaja,Mjimwema
BWE,Tanzania,Rufiji DC,Kiongoroni,Kiongoroni,Bweni
MAD,Tanzania,Rufiji DC,Kiongoroni,Kiongoroni,Makwende
RHN,Tanzania,Rufiji DC,Kiongoroni,Kiongoroni,Nyaobe
BCY,Tanzania,Rufiji DC,Kiongoroni,Pombwe,Kilambani
MBM,Tanzania,Rufiji DC,Kiongoroni,Pombwe,Mbungwi
POB,Tanzania,Rufiji DC,Kiongoroni,Pombwe,Pombwe kubwa
SUN,Tanzania,Rufiji DC,Kiongoroni,Pombwe,Suni
BAN,Tanzania,Rufiji DC,Kiongoroni,Ruma,Bandarini
EME,Tanzania,Rufiji DC,Kiongoroni,Ruma,Emelwa
QOM,Tanzania,Rufiji DC,Kiongoroni,Ruma,King'ongo
MTG,Tanzania,Rufiji DC,Kiongoroni,Ruma,Mtanga
OXV,Tanzania,Rufiji DC,Kiongoroni,Ruma,Nyamikamba
OJF,Tanzania,Rufiji DC,Kipugira,Kipo,Mawilo
MGR,Tanzania,Rufiji DC,Kipugira,Kipo,Mgohori
MPE,Tanzania,Rufiji DC,Kipugira,Kipo,Mpande
YBA,Tanzania,Rufiji DC,Kipugira,Kipo,Nyikanza
WOS,Tanzania,Rufiji DC,Kipugira,Kipugira,Kipugira
PAA,Tanzania,Rufiji DC,Kipugira,Kipugira,Pangapanga
TET,Tanzania,Rufiji DC,Kipugira,Ndundunyikanza,Tetema
MTL,Tanzania,Rufiji DC,Kipugira,Nyaminywili,Mtalula
LOY,Tanzania,Rufiji DC,Kipugira,Nyaminywili,Nyaminywili
KPU,Tanzania,Rufiji DC,Mahege,Hanga,Kimbogo
FBD,Tanzania,Rufiji DC,Mahege,Hanga,Mkima
YSD,Tanzania,Rufiji DC,Mahege,Hanga,Ngambe
XEY,Tanzania,Rufiji DC,Mahege,Hanga,Nyambwanda
VKY,Tanzania,Rufiji DC,Mahege,Mahege,Mawichi
MTW,Tanzania,Rufiji DC,Mahege,Mahege,Mtambwe
PYZ,Tanzania,Rufiji DC,Mahege,Mahege,Nyamkingia
UMB,Tanzania,Rufiji DC,Mahege,Mahege,Umba
NGT,Tanzania,Rufiji DC,Mahege,Nyakinyo,Ngondae/Mlete
SOS,Tanzania,Rufiji DC,Mahege,Nyakinyo,Soso/Nyakinyo
EYO,Tanzania,Rufiji DC,Mahege,Nyanjati,Mapinduzi
MRE,Tanzania,Rufiji DC,Mahege,Nyanjati,Mrema
MWI,Tanzania,Rufiji DC,Mahege,Nyanjati,Mwinyi
TUN,Tanzania,Rufiji DC,Mahege,Nyanjati,Nyerere
SAD,Tanzania,Rufiji DC,Mahege,Nyanjati,Saudia
SOE,Tanzania,Rufiji DC,Mahege,Nyanjati,Sokoine
HAL,Tanzania,Rufiji DC,Mahege,Tomoni,Halisi
MIB,Tanzania,Rufiji DC,Mahege,Tomoni,Mibuyusaba
TBG,Tanzania,Rufiji DC,Mahege,Tomoni,Mkali
MHX,Tanzania,Rufiji DC,Mahege,Tomoni,Nyakikongo
KAT,Tanzania,Rufiji DC,Maparoni,Kiechuru,Kati
NLA,Tanzania,Rufiji DC,Maparoni,Kiechuru,Kityanga
KOR,Tanzania,Rufiji DC,Maparoni,Kiechuru,Korongo
MGA,Tanzania,Rufiji DC,Maparoni,Kiechuru,Mgambo
GIN,Tanzania,Rufiji DC,Maparoni,Maparoni,Gingi
MBG,Tanzania,Rufiji DC,Maparoni,Maparoni,Mbangani
TUW,Tanzania,Rufiji DC,Maparoni,Maparoni,Tuwa
USI,Tanzania,Rufiji DC,Maparoni,Maparoni,Usimbe kiwanjani
USU,Tanzania,Rufiji DC,Maparoni,Maparoni,Usimbekidoga
BAI,Tanzania,Rufiji DC,Mbuchi,Mbuchi,Barabarani
QBN,Tanzania,Rufiji DC,Mbuchi,Mbuchi,Kipoka
IHQ,Tanzania,Rufiji DC,Mbuchi,Mbuchi,Kitingi
MAR,Tanzania,Rufiji DC,Mbuchi,Mbuchi,Makongoro
MIW,Tanzania,Rufiji DC,Mbuchi,Mbuchi,Mikwang'ombe
MNG,Tanzania,Rufiji DC,Mbuchi,Mbuchi,Mnganje
DOK,Tanzania,Rufiji DC,Mbuchi,Mbwera Magharibi,Doka
JCX,Tanzania,Rufiji DC,Mbuchi,Mbwera Magharibi,Kibumburu
WDI,Tanzania,Rufiji DC,Mbuchi,Mbwera Magharibi,Kiiongoro
KUM,Tanzania,Rufiji DC,Mbuchi,Mbwera Magharibi,Kumbacha
OLD,Tanzania,Rufiji DC,Mbuchi,Mbwera Magharibi,Mkepa
MKR,Tanzania,Rufiji DC,Mbuchi,Mbwera Magharibi,Mkurumu
ZRW,Tanzania,Rufiji DC,Mbuchi,Mbwera Magharibi,Mtawatawa
IGF,Tanzania,Rufiji DC,Mbuchi,Mbwera Mashariki,Marongoni
GBA,Tanzania,Rufiji DC,Mbuchi,Mbwera Mashariki,Mbumburu
MDA,Tanzania,Rufiji DC,Mbuchi,Mbwera Mashariki,Mdai
IOW,Tanzania,Rufiji DC,Mbuchi,Mbwera Mashariki,Mkirika
ZYN,Tanzania,Rufiji DC,Mbwara,Kitapi,Kitapi Magharibi
HOX,Tanzania,Rufiji DC,Mbwara,Kitapi,Kitapi Mashariki
NAB,Tanzania,Rufiji DC,Mbwara,Kitapi,Namahamba
MB ,Tanzania,Rufiji DC,Mbwara,Mbwara,Mbwara magharibi
MBH,Tanzania,Rufiji DC,Mbwara,Mbwara,Mbwara Mashariki
MIS,Tanzania,Rufiji DC,Mbwara,Mbwara,Misimbo
OWV,Tanzania,Rufiji DC,Mbwara,Nambunju,Kikibu
MIM,Tanzania,Rufiji DC,Mbwara,Nambunju,Miangalaya
BTI,Tanzania,Rufiji DC,Mbwara,Nambunju,Namakono
NAH,Tanzania,Rufiji DC,Mbwara,Nambunju,Nambunju Magharibi
NAU,Tanzania,Rufiji DC,Mbwara,Nambunju,Nambunju mashariki
NYH,Tanzania,Rufiji DC,Mbwara,Nyamwage,Nyamwage Magharibi
FHK,Tanzania,Rufiji DC,Mbwara,Nyamwage,Nyamwage Mashariki
SHA,Tanzania,Rufiji DC,Mbwara,Nyamwage,Shauri  moyo
GEG,Tanzania,Rufiji DC,Mbwara,Tawi,Gege
XWU,Tanzania,Rufiji DC,Mbwara,Tawi,Kikobo
KZS,Tanzania,Rufiji DC,Mbwara,Tawi,Mkukiki
GTV,Tanzania,Rufiji DC,Mbwara,Tawi,Mkwiri
MII,Tanzania,Rufiji DC,Mchukwi,Mangwi,Misimbo
MNY,Tanzania,Rufiji DC,Mchukwi,Mangwi,Mnyongoya
RON,Tanzania,Rufiji DC,Mchukwi,Mangwi,Rondo
LIS,Tanzania,Rufiji DC,Mchukwi,Mchukwi A,Matimbwani
DLU,Tanzania,Rufiji DC,Mchukwi,Mchukwi A,Nyakaumbanga
EFJ,Tanzania,Rufiji DC,Mchukwi,Mchukwi A,Nyamanjenga
UJO,Tanzania,Rufiji DC,Mchukwi,Mchukwi A,Ujongoni
UKI,Tanzania,Rufiji DC,Mchukwi,Mchukwi A,Ukitomondo
HSL,Tanzania,Rufiji DC,Mchukwi,Mchukwi B,Kichangani
MBN,Tanzania,Rufiji DC,Mchukwi,Mchukwi B,Mbinda
LOE,Tanzania,Rufiji DC,Mchukwi,Mchukwi B,Miembeni
MSN,Tanzania,Rufiji DC,Mchukwi,Mchukwi B,Msikitini
OBI,Tanzania,Rufiji DC,Mchukwi,Mchukwi B,Nyaubi
SON,Tanzania,Rufiji DC,Mchukwi,Mchukwi B,Songa
BAA,Tanzania,Rufiji DC,Mchukwi,Mkupuka,Bani
CMF,Tanzania,Rufiji DC,Mchukwi,Mkupuka,Mkupuka
TRQ,Tanzania,Rufiji DC,Mchukwi,Mkupuka,Nyunga
JIT,Tanzania,Rufiji DC,Mgomba,Mgomba Kaskazini,Jitegemee
MPP,Tanzania,Rufiji DC,Mgomba,Mgomba Kaskazini,Mpima
SEK,Tanzania,Rufiji DC,Mgomba,Mgomba Kaskazini,Sekondari
UJJ,Tanzania,Rufiji DC,Mgomba,Mgomba Kaskazini,Ujamaa
MES,Tanzania,Rufiji DC,Mgomba,Mgomba Kati,Kiapo
BQP,Tanzania,Rufiji DC,Mgomba,Mgomba Kati,Malenda
MAS,Tanzania,Rufiji DC,Mgomba,Mgomba Kati,Masenda
MTP,Tanzania,Rufiji DC,Mgomba,Mgomba Kati,Mtupa
KMG,Tanzania,Rufiji DC,Mgomba,Mgomba Kusini,Kijonjo
EQR,Tanzania,Rufiji DC,Mgomba,Mgomba Kusini,Kingwande
NZU,Tanzania,Rufiji DC,Mgomba,Mgomba Kusini,Malipia
NON,Tanzania,Rufiji DC,Mgomba,Mgomba Kusini,Nongwa
JIW,Tanzania,Rufiji DC,Mjawa,Jaribu Magharibi,Jiweni
DEK,Tanzania,Rufiji DC,Mjawa,Jaribu Magharibi,Kibuyuni
LNB,Tanzania,Rufiji DC,Mjawa,Jaribu Magharibi,Mapinduzi
MKG,Tanzania,Rufiji DC,Mjawa,Jaribu Magharibi,Mkongoni
XIF,Tanzania,Rufiji DC,Mjawa,Jaribu Mpakani,Mikwala
MOO,Tanzania,Rufiji DC,Mjawa,Jaribu Mpakani,Motomoto
MTD,Tanzania,Rufiji DC,Mjawa,Jaribu Mpakani,Mtunda
MUO,Tanzania,Rufiji DC,Mjawa,Jaribu Mpakani,Muungano
UJU,Tanzania,Rufiji DC,Mjawa,Jaribu Mpakani,Ujamaa
BOJ,Tanzania,Rufiji DC,Mjawa,Mjawa,Bonjo
DUT,Tanzania,Rufiji DC,Mjawa,Mjawa,Dutani
GOS,Tanzania,Rufiji DC,Mjawa,Mjawa,Gosa
MTE,Tanzania,Rufiji DC,Mjawa,Mjawa,Mtetani
NGW,Tanzania,Rufiji DC,Mjawa,Mjawa,Ngalemwa
GOO,Tanzania,Rufiji DC,Mjawa,Motomoto,Goloatanga
APC,Tanzania,Rufiji DC,Mjawa,Motomoto,Misogole
MSE,Tanzania,Rufiji DC,Mjawa,Ngalengwa,Msega
MGC,Tanzania,Rufiji DC,Mjawa,Ngalengwa,Mtuluma
UCN,Tanzania,Rufiji DC,Mjawa,Uchembe,Uchembe chini
UCM,Tanzania,Rufiji DC,Mjawa,Uchembe,Uchembe juu
UCE,Tanzania,Rufiji DC,Mjawa,Uponda,Uchembe
UPI,Tanzania,Rufiji DC,Mjawa,Uponda,Uponda Chini
UP ,Tanzania,Rufiji DC,Mjawa,Uponda,Uponda Juu
MBJ,Tanzania,Rufiji DC,Mkongo,Mbunju Mvuleni,Mbunju
MVU,Tanzania,Rufiji DC,Mkongo,Mbunju Mvuleni,Mvuleni
KAK,Tanzania,Rufiji DC,Mkongo,Mkongo Kaskazini,Karakana
QAB,Tanzania,Rufiji DC,Mkongo,Mkongo Kaskazini,Nyipara
RUS,Tanzania,Rufiji DC,Mkongo,Mkongo Kaskazini,Rusende
GPS,Tanzania,Rufiji DC,Mkongo,Mkongo Kusini,Kitundu
GEQ,Tanzania,Rufiji DC,Mkongo,Mkongo Kusini,Kiwili
ABO,Tanzania,Rufiji DC,Mkongo,Mkongo Kusini,Makoge
CLV,Tanzania,Rufiji DC,Mkongo,Mkongo Kusini,Mkunga
BET,Tanzania,Rufiji DC,Mkongo,Ruwe,Beta
GRX,Tanzania,Rufiji DC,Mkongo,Ruwe,Kipera
YQB,Tanzania,Rufiji DC,Mkongo,Ruwe,Nyaringwe
BXT,Tanzania,Rufiji DC,Mlanzi,Machipi,Kibuni
KIQ,Tanzania,Rufiji DC,Mlanzi,Machipi,Mangimbwage
NIP,Tanzania,Rufiji DC,Mlanzi,Machipi,Msikitini
NGJ,Tanzania,Rufiji DC,Mlanzi,Machipi,Ngonja
RUD,Tanzania,Rufiji DC,Mlanzi,Machipi,Ruanda
BOR,Tanzania,Rufiji DC,Mlanzi,Mlanzi,Bora
HCL,Tanzania,Rufiji DC,Mlanzi,Mlanzi,Kikimbili
BWA,Tanzania,Rufiji DC,Mlanzi,Mlanzi,Kimbindu
UBF,Tanzania,Rufiji DC,Mlanzi,Mlanzi,Kingweti
LIK,Tanzania,Rufiji DC,Mlanzi,Mlanzi,Like
MIZ,Tanzania,Rufiji DC,Mlanzi,Mlanzi,Milonzi
MKJ,Tanzania,Rufiji DC,Mlanzi,Mlanzi,Mkwajuni
MLB,Tanzania,Rufiji DC,Mlanzi,Mlanzi,Mlanzi Magharibi
ML ,Tanzania,Rufiji DC,Mlanzi,Mlanzi,Mlanzi Mashariki
BOB,Tanzania,Rufiji DC,Mlanzi,Ngondai,Bora
KLS,Tanzania,Rufiji DC,Mlanzi,Ngondai,Kilonji
NGD,Tanzania,Rufiji DC,Mlanzi,Ngondai,Ngondai
XUR,Tanzania,Rufiji DC,Mlanzi,Nyamwimbe,Malenda
MA ,Tanzania,Rufiji DC,Mlanzi,Nyamwimbe,Malenda Halisi
CQA,Tanzania,Rufiji DC,Mlanzi,Nyamwimbe,Miparani
LMX,Tanzania,Rufiji DC,Mlanzi,Nyamwimbe,Nyelelo
UMT,Tanzania,Rufiji DC,Mlanzi,Nyamwimbe,Umtanga
CHY,Tanzania,Rufiji DC,Mohoro,King'ong'o,Chayonge
ZFP,Tanzania,Rufiji DC,Mohoro,King'ong'o,King'ong'o
OZJ,Tanzania,Rufiji DC,Mohoro,King'ong'o,Kisangi
KWA,Tanzania,Rufiji DC,Mohoro,King'ong'o,Kwampakwila
MPL,Tanzania,Rufiji DC,Mohoro,King'ong'o,Mpelepele
FLI,Tanzania,Rufiji DC,Mohoro,Kiwanga,Kiwanga
LOO,Tanzania,Rufiji DC,Mohoro,Kiwanga,Londondo
MIH,Tanzania,Rufiji DC,Mohoro,Kiwanga,Mihiru
VXR,Tanzania,Rufiji DC,Mohoro,Mohoro Magharibi,Mwanani
RGL,Tanzania,Rufiji DC,Mohoro,Mohoro Magharibi,Nyakikai
PIX,Tanzania,Rufiji DC,Mohoro,Mohoro Magharibi,Nyandote
OLM,Tanzania,Rufiji DC,Mohoro,Mohoro Magharibi,Oldmohoro
SUU,Tanzania,Rufiji DC,Mohoro,Mohoro Magharibi,Sunga
SUS,Tanzania,Rufiji DC,Mohoro,Mohoro Magharibi,Sungapwani
CHW,Tanzania,Rufiji DC,Mohoro,Mohoro Mashariki,Chamwenge
JWA,Tanzania,Rufiji DC,Mohoro,Mohoro Mashariki,Nyampaku bara
EIA,Tanzania,Rufiji DC,Mohoro,Mohoro Mashariki,Nyampaku mashariki
GXP,Tanzania,Rufiji DC,Mohoro,Mohoro Mashariki,Nyampaku pwani
WTH,Tanzania,Rufiji DC,Mohoro,Mohoro Mashariki,Nyautika
MKZ,Tanzania,Rufiji DC,Mohoro,Ndundutawa,Mkenzi
FJL,Tanzania,Rufiji DC,Mohoro,Ndundutawa,Msikitini
NDT,Tanzania,Rufiji DC,Mohoro,Ndundutawa,Ndundutawa
DQC,Tanzania,Rufiji DC,Mohoro,Ndundutawa,Nyalindi
BYK,Tanzania,Rufiji DC,Mohoro,Shela,Kindwitwi
RAN,Tanzania,Rufiji DC,Mohoro,Shela,Rangitatu
STA,Tanzania,Rufiji DC,Mohoro,Shela,Staand Mikolwa
NUN,Tanzania,Rufiji DC,Msala,Kiasi,Nunu
MFH,Tanzania,Rufiji DC,Msala,Kiasi,Nyunguni
PLO,Tanzania,Rufiji DC,Msala,Kiasi,Plot
UWA,Tanzania,Rufiji DC,Msala,Kiasi,Uwandani
OXM,Tanzania,Rufiji DC,Msala,Msala,Majaliwa
ZCF,Tanzania,Rufiji DC,Msala,Msala,Mbaleni
MBO,Tanzania,Rufiji DC,Msala,Msala,Mbomboni
UKO,Tanzania,Rufiji DC,Msala,Msala,Ukongoro
WAS,Tanzania,Rufiji DC,Msala,Msala,Wasamade
DOE,Tanzania,Rufiji DC,Msala,Twasalie,Domwe
QNA,Tanzania,Rufiji DC,Msala,Twasalie,Kisimbya
UNH,Tanzania,Rufiji DC,Msala,Twasalie,Nyahimba
PLT,Tanzania,Rufiji DC,Msala,Twasalie,Plot
TAR,Tanzania,Rufiji DC,Msala,Twasalie,Taracho
BUU,Tanzania,Rufiji DC,Mtawanya,Bumba,Bumba
YNG,Tanzania,Rufiji DC,Mtawanya,Kinyanya Kati,Kinyanya Kati
SWC,Tanzania,Rufiji DC,Mtawanya,Magogo matatu,Magogo matatu
QAH,Tanzania,Rufiji DC,Mtawanya,Matumbi,Matumbi
MID,Tanzania,Rufiji DC,Mtawanya,Mikendo,Mikendo
MSR,Tanzania,Rufiji DC,Mtawanya,Msoro,Msoro
NDL,Tanzania,Rufiji DC,Mtawanya,Ndechamula,Ndechamula
YNQ,Tanzania,Rufiji DC,Mtawanya,Nyamlani,Nyamlani
ROA,Tanzania,Rufiji DC,Mtawanya,Roja,Roja
UGG,Tanzania,Rufiji DC,Mtawanya,Ugezi,Ugezi
UMD,Tanzania,Rufiji DC,Mtawanya,Umikendo,Umikendo
UMN,Tanzania,Rufiji DC,Mtawanya,Umkunama,Umkunama
UPP,Tanzania,Rufiji DC,Mtawanya,Upazi,Upazi
ZOO,Tanzania,Rufiji DC,Mtawanya,Zomboko,Zomboko
EVJ,Tanzania,Rufiji DC,Mtunda,Kikale,Kikale
MXV,Tanzania,Rufiji DC,Mtunda,Kikale,Kikalemtandu
MJP,Tanzania,Rufiji DC,Mtunda,Kikale,Makoge
DIJ,Tanzania,Rufiji DC,Mtunda,Mtunda A,Mbogolo
QBI,Tanzania,Rufiji DC,Mtunda,Mtunda A,Mbumi
MIU,Tanzania,Rufiji DC,Mtunda,Mtunda A,Mikunguni
ISY,Tanzania,Rufiji DC,Mtunda,Mtunda A,Mtunda A
JUP,Tanzania,Rufiji DC,Mtunda,Mtunda A,Nguaro
BEA,Tanzania,Rufiji DC,Mtunda,Mtunda B,Beta
MCK,Tanzania,Rufiji DC,Mtunda,Mtunda B,Mchikichini
MTB,Tanzania,Rufiji DC,Mtunda,Mtunda B,Mtunda B
NGY,Tanzania,Rufiji DC,Mtunda,Mtunda B,Nganyaga
NYF,Tanzania,Rufiji DC,Mtunda,Mtunda B,Nyafeda
ORK,Tanzania,Rufiji DC,Mtunda,Muyuyu,Magomeni
XNK,Tanzania,Rufiji DC,Mtunda,Muyuyu,Misuguri
MKT,Tanzania,Rufiji DC,Mtunda,Muyuyu,Mkata
EMZ,Tanzania,Rufiji DC,Mtunda,Muyuyu,Muyuyu
NJI,Tanzania,Rufiji DC,Mtunda,Muyuyu,Njianne
RYW,Tanzania,Rufiji DC,Mtunda,Muyuyu,Nyambele
SOW,Tanzania,Rufiji DC,Mtunda,Muyuyu,Sonywe
QZR,Tanzania,Rufiji DC,Mwambao,Kigunguli,Mkole
MPU,Tanzania,Rufiji DC,Mwambao,Kigunguli,Mpafuni
MSL,Tanzania,Rufiji DC,Mwambao,Kigunguli,Mselema
KAO,Tanzania,Rufiji DC,Mwambao,"Kivinja ""A""",Kariakoo
LKV,Tanzania,Rufiji DC,Mwambao,"Kivinja ""A""",Kigunguli
ZXA,Tanzania,Rufiji DC,Mwambao,"Kivinja ""A""",Kisanjani kaya
JYG,Tanzania,Rufiji DC,Mwambao,"Kivinja ""A""",Masakwi
MFE,Tanzania,Rufiji DC,Mwambao,"Kivinja ""B""",Mfenesini
ZVX,Tanzania,Rufiji DC,Mwambao,"Kivinja ""B""",Mkegetoni
MWT,Tanzania,Rufiji DC,Mwambao,"Kivinja ""B""",Mweyubaruti
MIT,Tanzania,Rufiji DC,Mwambao,Mchungu,Mititimbo
MPK,Tanzania,Rufiji DC,Mwambao,Mchungu,Mpekeso
UIN,Tanzania,Rufiji DC,Mwambao,Mkenda,Kikombe
MKD,Tanzania,Rufiji DC,Mwambao,Mkenda,Mkenda
OWP,Tanzania,Rufiji DC,Mwambao,Mkenda,Ngungule
GEN,Tanzania,Rufiji DC,Mwambao,Msindaji,Genju
MXD,Tanzania,Rufiji DC,Mwambao,Msindaji,Madukani
KWN,Tanzania,Rufiji DC,Mwaseni,Mloka,Kwangazi
ZIP,Tanzania,Rufiji DC,Mwaseni,Mloka,Mkange
MPG,Tanzania,Rufiji DC,Mwaseni,Mloka,Mpanganya
YBV,Tanzania,Rufiji DC,Mwaseni,Mloka,Nyakisiku
BIZ,Tanzania,Rufiji DC,Mwaseni,Mtanza /Msona,Bizi
MSG,Tanzania,Rufiji DC,Mwaseni,Mtanza /Msona,Msiga
MTZ,Tanzania,Rufiji DC,Mwaseni,Mtanza /Msona,Mtanza
MTR,Tanzania,Rufiji DC,Mwaseni,Mtanza /Msona,Mturuma
MIY,Tanzania,Rufiji DC,Mwaseni,Mwaseni,Mibuyusaba
MWS,Tanzania,Rufiji DC,Mwaseni,Mwaseni,Mwaseni
ZOZ,Tanzania,Rufiji DC,Mwaseni,Mwaseni,Zombe
KUU,Tanzania,Rufiji DC,Ngarambe,Kungulwe,Kungulwe
VZS,Tanzania,Rufiji DC,Ngarambe,Namakono,Namakono
NGS,Tanzania,Rufiji DC,Ngarambe,Ngarambe Mashariki,Ngarambe Mashariki
USD,Tanzania,Rufiji DC,Ngarambe,NgarambeMagharibi,NgarambeMagharibi
TAA,Tanzania,Rufiji DC,Ngarambe,Tapika,Tapika
CWR,Tanzania,Rufiji DC,Ngorongo,Kilimani Magharibi,Kilombero
ABW,Tanzania,Rufiji DC,Ngorongo,Kilimani Magharibi,Kisagai
MBY,Tanzania,Rufiji DC,Ngorongo,Kilimani Magharibi,Mbuyuni
MPN,Tanzania,Rufiji DC,Ngorongo,Kilimani Magharibi,Mpanganya
TAG,Tanzania,Rufiji DC,Ngorongo,Kilimani Magharibi,Tangini
GEF,Tanzania,Rufiji DC,Ngorongo,Kilimani Mashariki,Gefu
GII,Tanzania,Rufiji DC,Ngorongo,Kilimani Mashariki,Ginnery
XOS,Tanzania,Rufiji DC,Ngorongo,Kilimani Mashariki,Mkongeni
FJM,Tanzania,Rufiji DC,Ngorongo,Kilimani Mashariki,Mkunga
UNY,Tanzania,Rufiji DC,Ngorongo,Kilimani Mashariki,Unyonge
HGK,Tanzania,Rufiji DC,Ngorongo,Ngorongo Magharibi,Kikongono
JXC,Tanzania,Rufiji DC,Ngorongo,Ngorongo Magharibi,Nyasungwi
HUZ,Tanzania,Rufiji DC,Ngorongo,Ngorongo Mashariki,Kipenda moyo
PUQ,Tanzania,Rufiji DC,Ngorongo,Ngorongo Mashariki,Nyalwiru
GCY,Tanzania,Rufiji DC,Ruaruke,Kilulatambwe,Kilulatambwe Kati
MBS,Tanzania,Rufiji DC,Ruaruke,Kilulatambwe,Mbusi
VKX,Tanzania,Rufiji DC,Ruaruke,Kilulatambwe,Milonzi
TGS,Tanzania,Rufiji DC,Ruaruke,Nyamatanga,Mkopi
MTO,Tanzania,Rufiji DC,Ruaruke,Nyamatanga,Mtomboloka
YXI,Tanzania,Rufiji DC,Ruaruke,Nyamatanga,Nyamatanga
OKN,Tanzania,Rufiji DC,Ruaruke,Ruaruke,Kindande
CSI,Tanzania,Rufiji DC,Ruaruke,Ruaruke,Kiwaga
QKD,Tanzania,Rufiji DC,Ruaruke,Ruaruke,Mbawa
WUE,Tanzania,Rufiji DC,Ruaruke,Ruaruke,Mwenge
ZLU,Tanzania,Rufiji DC,Ruaruke,Ruaruke,Nyambalapi
AAN,Tanzania,Rufiji DC,Ruaruke,Ruaruke B,aangweni Matosa
KIF,Tanzania,Rufiji DC,Ruaruke,Ruaruke B,Kimbwere famiti
MFU,Tanzania,Rufiji DC,Ruaruke,Ruaruke B,Mfule Mkumbini
MGE,Tanzania,Rufiji DC,Ruaruke,Ruaruke B,Mgerezini
NY-,Tanzania,Rufiji DC,Ruaruke,Ruaruke B,Nyanindi - Makoge
GAR,Tanzania,Rufiji DC,Ruaruke,Rungungu,Garibovu
HYB,Tanzania,Rufiji DC,Ruaruke,Rungungu,Miwaleni
NVZ,Tanzania,Rufiji DC,Ruaruke,Rungungu,Mkwende
MUW,Tanzania,Rufiji DC,Ruaruke,Rungungu,Mungutwa
SEF,Tanzania,Rufiji DC,Ruaruke,Rungungu,Rungungu
VPK,Tanzania,Rufiji DC,Salale,Kiomboni,Kiomboni Pwani
TWW,Tanzania,Rufiji DC,Salale,Kiomboni,Twana
URO,Tanzania,Rufiji DC,Salale,Kiomboni,Urongoni
FIE,Tanzania,Rufiji DC,Salale,Mchinga,Kilwani
MCG,Tanzania,Rufiji DC,Salale,Mchinga,Mchinga
SYA,Tanzania,Rufiji DC,Salale,Mchinga,Salale
SAG,Tanzania,Rufiji DC,Salale,Mchinga,Saninga
SI ,Tanzania,Rufiji DC,Salale,Mchinga,Simba Ulanga
MFA,Tanzania,Rufiji DC,Salale,Mfisini,Mfisini A
MFF,Tanzania,Rufiji DC,Salale,Mfisini,Mfisini B
MFN,Tanzania,Rufiji DC,Salale,Mfisini,Mfisini kati
GIU,Tanzania,Rufiji DC,Salale,Nyamisati,Kihingi Shule
SYQ,Tanzania,Rufiji DC,Salale,Nyamisati,Kihingipwani
MJE,Tanzania,Rufiji DC,Salale,Nyamisati,Mjengea
TOS,Tanzania,Rufiji DC,Umwe,Umwe Kaskazini,Kilwa
SWA,Tanzania,Rufiji DC,Umwe,Umwe Kaskazini,Mchikichini
MJM,Tanzania,Rufiji DC,Umwe,Umwe Kaskazini,Mjimwema
MPR,Tanzania,Rufiji DC,Umwe,Umwe Kaskazini,Mparange
LHU,Tanzania,Rufiji DC,Umwe,Umwe Kaskazini,Msikitini
VIW,Tanzania,Rufiji DC,Umwe,Umwe Kaskazini,Viwandani
AMA,Tanzania,Rufiji DC,Umwe,Umwe Kati,Amani
AZZ,Tanzania,Rufiji DC,Umwe,Umwe Kati,Azimio
DHR,Tanzania,Rufiji DC,Umwe,Umwe Kati,Msikitini
SII,Tanzania,Rufiji DC,Umwe,Umwe Kati,Siasa
SOI,Tanzania,Rufiji DC,Umwe,Umwe Kati,Sokoni
NHM,Tanzania,Rufiji DC,Umwe,Umwe Kati,Ujamaa
UMM,Tanzania,Rufiji DC,Umwe,Umwe Kati,Umoja
UME,Tanzania,Rufiji DC,Umwe,Umwe Kati,Umwe
MAF,Tanzania,Rufiji DC,Umwe,Umwe Kusini,Makarafati
CJD,Tanzania,Rufiji DC,Umwe,Umwe Kusini,Makonge
WCT,Tanzania,Rufiji DC,Umwe,Umwe Kusini,Makumbusho
ACS,Tanzania,Rufiji DC,Umwe,Umwe Kusini,Mbuyuni
KUH,Tanzania,Rufiji DC,Umwe,Umwe Kusini,Msikitini
MWB,Tanzania,Rufiji DC,Umwe,Umwe Kusini,Mwembe Muhoro
DVY,Tanzania,Rufiji DC,Umwe,Umwe Kusini,Ngasinda
NJO,Tanzania,Rufiji DC,Umwe,Umwe Kusini,Njogoro
QWG,Tanzania,Rufiji DC,Utete,Kitundu,Kitundu
PKE,Tanzania,Rufiji DC,Utete,Kiwili,Kiwili
LZK,Tanzania,Rufiji DC,Utete,Siasa,Siasa
